{
    "tabs": {
        "00": {
            "tab_id": "00",
            "cwd": "/workspace",
            "observer": {
                "block": "Terminal",
                "uuid": "693672e9-f6ef-44f3-8305-2aed0a3df424",
                "enable_llm_stream": false,
                "callback_url": ""
            },
            "shell_command": [
                "bash"
            ],
            "command_terminator": "\n"
        },
        "01": {
            "tab_id": "01",
            "cwd": "/workspace/mocha_project",
            "observer": {
                "block": "Terminal",
                "uuid": "feac616c-2368-465c-9b43-99ae450c0020",
                "enable_llm_stream": false,
                "callback_url": ""
            },
            "shell_command": [
                "bash"
            ],
            "command_terminator": "\n"
        },
        "02": {
            "tab_id": "02",
            "cwd": "/workspace/mocha_project",
            "observer": {
                "block": "Terminal",
                "uuid": "0ac3392c-9fbc-4b07-af7a-199d439fe2bd",
                "enable_llm_stream": false,
                "callback_url": ""
            },
            "shell_command": [
                "bash"
            ],
            "command_terminator": "\n"
        }
    },
    "current_tab_id": "02",
    "forbidden_commands": {
        "run preview": "Use Deployer.deploy_to_public instead.",
        "serve ": "Use Deployer.deploy_to_public instead.",
        "python -m http.server": "Use python -u -m http.server port_number instead."
    },
    "timeout": 300.0,
    "working_dir": "/workspace"
}